layer1,dropout1,reg1,epochs,accuracy,f1,time
512,0.2,batch,40,0.9422953964194374,0.9429576843860172,1:18
512,0.2,batch,60,0.9457161125319693,0.9460754173463224,1:48
512,0.2,batch,100,0.9491687979539642,0.949460989667759,2:38
1024,0.2,batch,40,0.9453324808184143,0.9456656999626597,3:14
1024,0.2,batch,60,0.9498081841432225,0.9500316353755217,4:8
1024,0.2,batch,100,0.9513746803069054,0.9514994152664799,5:38
