layer1,dropout1,reg1,epochs,accuracy,f1,time
1024,0.2,0.0,40,0.9433503836317135,0.9433013778117938,22:18
1024,0.2,0.0,60,0.9468670076726342,0.9469672139960568,23:7
1024,0.2,0.0001,40,0.9291240409207161,0.9304331969097812,23:44
1024,0.2,0.0001,60,0.9330562659846547,0.9340376595169472,0:41
