layer1,dropout1,reg1,epochs,accuracy,f1,time
2048,0.2,batch,60,0.95,0.9501368142514457,20:52
2048,0.2,batch,100,0.9551790281329924,0.9552294551755385,23:28
