layer1,dropout1,epochs,filters,kernel_size,strides,pool_size,accuracy,f1,time
256,0.2,50,32,(3, 3),(1, 1),(2, 2),0.9733056265984654,0.9733173011983454,21:1
256,0.2,50,32,(3, 3),(1, 1),(3, 3),0.976886189258312,0.9768927432029153,22:41
