layer1,layer2,dropout1,dropout2,reg1,reg2,epochs,accuracy,f1,time
512,64,0.2,0.2,0.0,0.0,50,0.9379795396419437,0.938752593854263,21:6
512,128,0.2,0.2,0.0,0.0,50,0.9402493606138107,0.940602059517512,21:21
512,256,0.2,0.2,0.0,0.0,50,0.9427749360613811,0.9429688489278043,21:38
512,512,0.2,0.2,0.0,0.0,50,0.9467071611253197,0.9467404416227604,21:55
