layer1,layer2,dropout1,dropout2,reg1,reg2,epochs,accuracy,f1,time
1024,1024,0.2,0.2,0.0,0.0,50,0.9430626598465472,0.9429899112934021,5:50
